name,imageUrl,area,profileUrl,office,tags,isLoggedUser,positionName,id,parentId,size
 Miguel Patricio,,KHC,https://www.linkedin.com/in/miguel-patricio1/overlay/photo/,CEO,"Ceo,tag1,manager,cto",FALSE,CEO,0,,
 Carlos Abrams-Rivera,,Marketing,https://www.linkedin.com/in/abramsrivera/overlay/photo/,Marketing Office,"Ceo,tag1, tag2",FALSE,"EVP & President, North America",1,0,
 Diana Frost,,Marketing,https://www.linkedin.com/in/diana-frost-a71a15a6/overlay/photo/,Marketing Office,"Ceo,tag1, tag2",FALSE,"Chief Growth Officer, NA",2,1,
 Ashley P Becker,,Marketing,https://www.linkedin.com/in/apbecker/overlay/photo/,Marketing Office,"Ceo,tag1, tag2",FALSE,Head of E-commerce & Omni Customer Growth,1000,2,
 Stacey Cox,,Marketing,https://www.linkedin.com/in/stacey-cox-a1a4544/overlay/photo/,Marketing Office,"Ceo,tag1, tag2",FALSE,Head of Consumer Insights NA Core Capabilities & Accelerators,1001,2,
 Kelli Davis,,Marketing,,Marketing Office,"Ceo,tag1, tag2",FALSE,Head of Consumer Insights - Meals Foundations & Coffee,1002,2,
 Nick Jezarian,,Marketing,https://www.linkedin.com/in/nickjezarian/overlay/photo/,Marketing Office,"Ceo,tag1, tag2",FALSE,"VP, Media - NA",1003,2,
 Alan Kleinerman,,Marketing,https://www.linkedin.com/in/alankleinerman/overlay/photo/,Marketing Office,"Ceo,tag1, tag2",FALSE,"VP, Distribution",3,2,
 Rachel Miller,,Marketing,https://www.linkedin.com/in/rachel-miller-43ba1215a/overlay/photo/,Marketing Office,"Ceo,tag1, tag2",FALSE,Executive Assistant,1004,2,
 Ramesh V Sevilimedu,,Marketing,,Marketing Office,"Ceo,tag1, tag2",FALSE,Head of Shopper Insights,1005,2,
 Milena Shillow,,Marketing,,Marketing Office,"Ceo,tag1, tag2",FALSE,Head of Consumer Insights,1006,2,
 Kim Spaid,,Marketing,,Marketing Office,"Ceo,tag1, tag2",FALSE,Head of Consumer Insights - CPG,1007,2,
 Emilie Stanczyk,,Marketing,https://www.linkedin.com/in/emilie-stanczyk-64b56156/overlay/photo/,Marketing Office,"Ceo,tag1, tag2",FALSE,Head of Disruptive Innovation,1008,2,
 Justin Thomas,,Marketing,https://www.linkedin.com/in/justin-thomas8/overlay/photo/,Marketing Office,"Ceo,tag1, tag2",FALSE,Head of Digital Experience,1009,2,
 Jess Vultaggio,,Marketing,https://www.linkedin.com/in/jessvultaggio/overlay/photo/,Marketing Office,"Ceo,tag1, tag2",FALSE,Head of the Kitchen,1010,2,
 Anum Z Asmi,,Marketing,,Marketing Office,"Ceo,tag1, tag2",FALSE,Sr. Brand Manager,1011,3,
 Nicole Kulwicki,,Marketing,https://www.linkedin.com/in/nicolekulwicki/overlay/photo/,Marketing Office,"Ceo,tag1, tag2",FALSE,Head of New Ventures,1012,3,
 Kathryn OBrien,,Marketing,https://www.linkedin.com/in/kathryn-o-brien-96a71421/overlay/photo/,Marketing Office,"Ceo,tag1, tag2",FALSE,"Director, Disruptive Innovation",1013,3,
 Michael Petruzzi,,Marketing,https://www.linkedin.com/in/michael-petruzzi/overlay/photo/,Marketing Office,"Ceo,tag1, tag2",FALSE,"Associate Director, Disruptive Innovation",1014,3,
 Michelle Prychidny,,Marketing,https://www.linkedin.com/in/michelle-mckay-prychidny-b6b0492/overlay/photo/,Marketing Office,"Ceo,tag1, tag2",FALSE,"Associate Director, Business Development",1015,3,
 Samantha Smith,,Marketing,https://www.linkedin.com/in/samantha-smith-5608a489/overlay/photo/,Marketing Office,"Ceo,tag1, tag2",FALSE,"Sr. Brand Manager, Disruptive Innovation",1016,3,
 Brynn Streppa,,Marketing,,Marketing Office,"Ceo,tag1, tag2",FALSE,"Manager, Disruptive Innovation",1017,3,
 Steve Cornell,,Marketing,https://www.linkedin.com/in/steve-cornell-69b26b4/overlay/photo/,Marketing Office,"Ceo,tag1, tag2",FALSE,"President of Fresh, Beverages & Desserts NA Zone",4,1,
 Mo Greenley,,Marketing,,Marketing Office,"Ceo,tag1, tag2",FALSE,"Associate Director, Marketing",1018,4,
 Deborah Hattrup,,Marketing,https://www.linkedin.com/in/debhattrup/overlay/photo/,Marketing Office,"Ceo,tag1, tag2",FALSE,Coordinator - Executive Administrator,1019,4,
 Allison J Kelly,,Marketing,,Marketing Office,"Ceo,tag1, tag2",FALSE,"Director, Marketing FFM",1020,4,
 Emily Kerschner,,Marketing,https://www.linkedin.com/in/emilykerschner/overlay/photo/,Marketing Office,"Ceo,tag1, tag2",FALSE,"Platform Lead, Marketing",1021,4,
 Andrew D Louie,,Marketing,,Marketing Office,"Ceo,tag1, tag2",FALSE,"Platform Lead, Marketing",1022,4,
 Eric Mills,,Marketing,https://www.linkedin.com/in/eric-mills-26a5271a/overlay/photo/,Marketing Office,"Ceo,tag1, tag2",FALSE,"Associate Director, Marketing",1023,4,
 Basak Oguz,,Marketing,https://www.linkedin.com/in/basakoguz/overlay/photo/,Marketing Office,"Ceo,tag1, tag2",FALSE,"Director, Marketing, FFM",1024,4,
 Vikramjeet Singh,,Marketing,https://www.linkedin.com/in/vikramjeetsingh2020/overlay/photo/,Marketing Office,"Ceo,tag1, tag2",FALSE,"Platform Lead, Marketing",1025,4,
 Ashley Tople,,Marketing,https://www.linkedin.com/in/ashley-tople-32536114/overlay/photo/,Marketing Office,"Ceo,tag1, tag2",FALSE,"Director, Marketing, FFM",1026,4,
 Molly White,,Marketing,https://www.linkedin.com/in/molly-white-3b7b859/overlay/photo/,Marketing Office,"Ceo,tag1, tag2",FALSE,Head of Business Development,1027,4,
 Pedro Navio,,Marketing,https://www.linkedin.com/in/pedro-navio-2a975a3/overlay/photo/,Marketing Office,"Ceo,tag1, tag2",FALSE,"President of Taste, Meals & Away From Home NA Zone",5,1,
 Erin E Abraham,,Marketing,,Marketing Office,"Ceo,tag1, tag2",FALSE,Coordinator - Executive Administrator,1028,5,
 Caroline Boulos,,Marketing,https://www.linkedin.com/in/caroline-boulos-813ab449/overlay/photo/,Marketing Office,"Ceo,tag1, tag2",FALSE,"VP, Marketing & Strategy",1029,5,
 Morgan Buehler Zanottie,,Marketing,,Marketing Office,"Ceo,tag1, tag2",FALSE,President - Primal Kitchen,1030,5,
 Stephen D Gaonach,,Marketing,,Marketing Office,"Ceo,tag1, tag2",FALSE,"VP, Marketing & Strategy",1031,5,
 Peter Hall,,Marketing,,Marketing Office,"Ceo,tag1, tag2",FALSE,President - US Away From Home,1032,5,
 Marcella R Hicks,,Marketing,,Marketing Office,"Ceo,tag1, tag2",FALSE,Head of BU Development,1033,5,
 Andre Maciel,,Finance and Procurement,https://www.linkedin.com/in/andre-maciel-2624b/overlay/photo/,Finance & Procurement Office,"Ceo,tag1, tag2",FALSE,EVP & Global Chief Financial Officer,6,0,
 Pedro Alburquerque,,Finance and Procurement,,Finance & Procurement Office,"Ceo,tag1, tag2",FALSE,"VP, Global Head of BBP",1034,6,
 Corrado Azzarita,,Finance and Procurement,https://www.linkedin.com/in/corradoazzarita/overlay/photo/,Finance & Procurement Office,"Ceo,tag1, tag2",FALSE,Global Chief Information Officer,1035,6,
 Fernando Garcia Bueno,,Finance and Procurement,,Finance & Procurement Office,"Ceo,tag1, tag2",FALSE,Global Head of Audit,1036,6,
 Vince Garlati,,Finance and Procurement,https://www.linkedin.com/in/vincegarlati/overlay/photo/,Finance & Procurement Office,"Ceo,tag1, tag2",FALSE,"VP, Global Controller",1037,6,
 Julianne Groetsch,,Finance and Procurement,,Finance & Procurement Office,"Ceo,tag1, tag2",FALSE,Head of Global Tax,1038,6,
 Chris  Jakubik,,Finance and Procurement,https://www.linkedin.com/in/christopher-jakubik-cfa-a1007418b/overlay/photo/,Finance & Procurement Office,"Ceo,tag1, tag2",FALSE,Global Contingent Worker,1039,6,
 Fabio Kapitanovas (Kapi),,Finance and Procurement,https://www.linkedin.com/in/fabio-kapitanovas-27181715/overlay/photo/,Finance & Procurement Office,"Ceo,tag1, tag2",FALSE,Global VP of Business Excellence,1040,6,
 Anne-Marie Megela,,Finance and Procurement,,Finance & Procurement Office,"Ceo,tag1, tag2",FALSE,"VP, Finance - Global Head of Innovation",1041,6,
 Marcos Eloi,,Finance and Procurement,,Finance & Procurement Office,"Ceo,tag1, tag2",FALSE,EVP & Global Chief Procurement,7,0,
 Thomas Becker,,Finance and Procurement,,Finance & Procurement Office,"Ceo,tag1, tag2",FALSE,"VP, Global Risk Management",1042,7,
 Tansel Buyukbay,,Finance and Procurement,https://www.linkedin.com/in/tansel-b-115395/overlay/photo/,Finance & Procurement Office,"Ceo,tag1, tag2",FALSE,"VP, Procurement - External Management",10,7,
 Rachid Hassairi,,Finance and Procurement,,Finance & Procurement Office,"Ceo,tag1, tag2",FALSE,Head of Global Productivity,1043,7,
 Gabriel Maia,,Finance and Procurement,https://www.linkedin.com/in/gabriel-maia-1a103437/overlay/photo/,Finance & Procurement Office,"Ceo,tag1, tag2",FALSE,VP Global Sourcing,9,7,
 Patricia Mendes,,Finance and Procurement,,Finance & Procurement Office,"Ceo,tag1, tag2",FALSE,"VP, Procurement International",1044,7,
 Janelle Orozco,,Finance and Procurement,https://www.linkedin.com/in/janelle-orozco-0816563/overlay/photo/,Finance & Procurement Office,"Ceo,tag1, tag2",FALSE,Chief Procurement Officer,8,7,
 Ross Siragusa,,Finance and Procurement,,Finance & Procurement Office,"Ceo,tag1, tag2",FALSE,Head of Global Agriculture,1045,7,
 Jenna Van Thiel,,Finance and Procurement,,Finance & Procurement Office,"Ceo,tag1, tag2",FALSE,Head of Global Procurement ,1046,7,
 Nelson Capetillo,,Finance and Procurement,,Finance & Procurement Office,"Ceo,tag1, tag2",FALSE,"Lead, NA Procure-Operations",1047,8,
 Patti Champion,,Finance and Procurement,https://www.linkedin.com/in/patti-champion-93097234/overlay/photo/,Finance & Procurement Office,"Ceo,tag1, tag2",FALSE,Procurement Director,1048,8,
 Tim Eichenberg,,Finance and Procurement,,Finance & Procurement Office,"Ceo,tag1, tag2",FALSE,"Director, Procurement",1049,8,
 Bryan M Horan,,Finance and Procurement,,Finance & Procurement Office,"Ceo,tag1, tag2",FALSE,Procurement Director,1050,8,
 Jessica Jones,,Finance and Procurement,,Finance & Procurement Office,"Ceo,tag1, tag2",FALSE,"Procurement Director, Canada",1051,8,
 Patty La Valle-Jones,,Finance and Procurement,https://media.licdn.com/dms/image/D5635AQH1vFGJfqxUwg/profile-framedphoto-shrink_400_400/0/1655071174359?e=1677013200&v=beta&t=cfU0XGhJAW28Q2to4-ZTn0Ii1P0zjUgdB0IoqD36b9k,Finance & Procurement Office,"Ceo,tag1, tag2",FALSE,"Director, Procurement",1052,8,
 Israel Santiesteban,,Finance and Procurement,https://www.linkedin.com/in/israel-santiesteban-43627b1b/overlay/photo/,Finance & Procurement Office,"Ceo,tag1, tag2",FALSE,Head of NA Procurement,1053,8,
 Dana Welder,,Finance and Procurement,https://www.linkedin.com/in/dana-welder-01a86614/overlay/photo/,Finance & Procurement Office,"Ceo,tag1, tag2",FALSE,"Procurement Director, Packaging ",1054,8,
 Daniele Ferfoglia,,Finance and Procurement,,Finance & Procurement Office,"Ceo,tag1, tag2",FALSE,Global Head of Procurement,1055,9,
 Simone Gresnigt,,Finance and Procurement,,Finance & Procurement Office,"Ceo,tag1, tag2",FALSE,Personal Assistant,1056,9,
 Marylene Lombardi,,Finance and Procurement,https://www.linkedin.com/in/marylene-lombardi-6936442/overlay/photo/,Finance & Procurement Office,"Ceo,tag1, tag2",FALSE,Global Head of Packaging Procurement,1057,9,
 Jens Van de Water,,Finance and Procurement,https://www.linkedin.com/in/jens-van-de-water-024566/overlay/photo/,Finance & Procurement Office,"Ceo,tag1, tag2",FALSE,Global Head of Procurement,1058,9,
 Andre Mello,,Finance and Procurement,https://www.linkedin.com/in/andre-barbieri-mello-1591a7/overlay/photo/,Finance & Procurement Office,"Ceo,tag1, tag2",FALSE,"SVP & Chief Financial Officer, NA",11,1,
 Chen Che,,Finance and Procurement,https://www.linkedin.com/in/chenche/overlay/photo/,Finance & Procurement Office,"Ceo,tag1, tag2",FALSE,AD Strategic Planning - FBD,1059,11,
 Bernardo Fiaux,,Finance and Procurement,https://www.linkedin.com/in/bernardo-fiaux/overlay/photo/,Finance & Procurement Office,"Ceo,tag1, tag2",FALSE,"CFO - Taste, Meals and Away From Home",13,11,
 Andrew Grasberger,,Finance and Procurement,https://www.linkedin.com/in/andrew-grasberger-77666356/overlay/photo/,Finance & Procurement Office,"Ceo,tag1, tag2",FALSE,CFO - Sales,21,11,
 Marcelo Lyra,,Finance and Procurement,https://www.linkedin.com/in/marcelo-lyra-86478257/overlay/photo/,Finance & Procurement Office,"Ceo,tag1, tag2",FALSE,"VP, Head of Supply Chain Finance",12,11,
 Alison Maxwell,,Finance and Procurement,,Finance & Procurement Office,"Ceo,tag1, tag2",FALSE,"Chief Financial Officer - Fresh, Beverages & Desserts",1060,11,
 Jayme Pinto,,Finance and Procurement,,Finance & Procurement Office,"Ceo,tag1, tag2",FALSE,"VP, Head of NA FP",14,11,
 Patrick Riordan,,Finance and Procurement,https://www.linkedin.com/in/patrick-riordan-67821726/overlay/photo/,Finance & Procurement Office,"Ceo,tag1, tag2",FALSE,Director Growth Finance - FBD,1061,11,
 Caio Santos,,Finance and Procurement,https://www.linkedin.com/in/caiodeoliveirasantos/overlay/photo/,Finance & Procurement Office,"Ceo,tag1, tag2",FALSE,"VP, Head of NA Revenue Manager",15,11,
 Ellarey Vega,,Finance and Procurement,https://www.linkedin.com/in/ellarey/overlay/photo/,Finance & Procurement Office,"Ceo,tag1, tag2",FALSE,AD FP&A - FBD,1062,11,
 Jayson Bradberry,,Finance and Procurement,https://www.linkedin.com/in/jayson-bradberry-4090375/overlay/photo/,Finance & Procurement Office,"Ceo,tag1, tag2",FALSE,"Director, Head of Logistics Financial",1063,12,
 Nikolaos Korizis,,Finance and Procurement,https://www.linkedin.com/in/nkorizis/overlay/photo/,Finance & Procurement Office,"Ceo,tag1, tag2",FALSE,"Senior Finance Director, NA",1064,12,
 Andre Lamego,,Finance and Procurement,,Finance & Procurement Office,"Ceo,tag1, tag2",FALSE,"Director, Financial Planning ",1065,12,
 Mehul Srivastava,,Finance and Procurement,https://www.linkedin.com/in/srivastavamehul/overlay/photo/,Finance & Procurement Office,"Ceo,tag1, tag2",FALSE,"Director, Head of Procurement",1066,12,
 Jonathan  Adams,,Finance and Procurement,https://www.linkedin.com/in/jonathan-adams-22b6904/overlay/photo/,Finance & Procurement Office,"Ceo,tag1, tag2",FALSE,Director Finance - AFH & KHI,1067,13,
 Matthew Hirt,,Finance and Procurement,https://www.linkedin.com/in/matthew-hirt-65815523/overlay/photo/,Finance & Procurement Office,"Ceo,tag1, tag2",FALSE,Director Growth Finance  ,1068,13,
 Mike Kaminski,,Finance and Procurement,,Finance & Procurement Office,"Ceo,tag1, tag2",FALSE,AD Financial Planning & Analysis,1069,13,
 Sean Kim,,Finance and Procurement,,Finance & Procurement Office,"Ceo,tag1, tag2",FALSE,Associate Director Strategic Planning,1070,13,
 Patrick McGushin,,Finance and Procurement,https://www.linkedin.com/in/patrick-mcgushin-298b4358/overlay/photo/,Finance & Procurement Office,"Ceo,tag1, tag2",FALSE,CFO - Primal Kitchen,1071,13,
 Pablo Arana,,Finance and Procurement,https://www.linkedin.com/in/pablo-arana/overlay/photo/,Finance & Procurement Office,"Ceo,tag1, tag2",FALSE,"Director, FP&A",1072,14,
 Sahebjeet Arora,,Finance and Procurement,,Finance & Procurement Office,"Ceo,tag1, tag2",FALSE,"AD, Strategic Planning",1073,14,
 Cameron W Evans,,Finance and Procurement,,Finance & Procurement Office,"Ceo,tag1, tag2",FALSE,"Associate Director, Finance",1074,14,
 Nick (Contractor) Hofer,,Finance and Procurement,,Finance & Procurement Office,"Ceo,tag1, tag2",FALSE,Global Contigent Worker,1075,14,
 Adeel Makhdumi,,Finance and Procurement,https://www.linkedin.com/in/adeelmakhdumi/overlay/photo/,Finance & Procurement Office,"Ceo,tag1, tag2",FALSE,"Director Capex, ZBB and Growth",1076,14,
 Richard Tazi,,Finance and Procurement,https://www.linkedin.com/in/richardtazi/overlay/photo/,Finance & Procurement Office,"Ceo,tag1, tag2",FALSE,Lead North America Business,1077,14,
 Matthew Belfanti,,Finance and Procurement,https://www.linkedin.com/in/matthew-belfanti-17152b99/overlay/photo/,Finance & Procurement Office,"Ceo,tag1, tag2",FALSE,Director Revenue Management,1078,15,
 Jaques Castello,,Finance and Procurement,,Finance & Procurement Office,"Ceo,tag1, tag2",FALSE,Director Growth & Capability,1079,15,
 Andrew Fisher,,Finance and Procurement,,Finance & Procurement Office,"Ceo,tag1, tag2",FALSE,Senior Product Owner,1080,15,
 Katie Hunstad,,Finance and Procurement,,Finance & Procurement Office,"Ceo,tag1, tag2",FALSE,AD U.S. Sales Planning & Options,1081,15,
 Alexander M Tyrell,,Finance and Procurement,,Finance & Procurement Office,"Ceo,tag1, tag2",FALSE,"Director Taste, Meals and Away From Home",1082,15,
 Jinyang Wang,,Finance and Procurement,https://www.linkedin.com/in/adam1107/overlay/photo/,Finance & Procurement Office,"Ceo,tag1, tag2",FALSE,"AD, Canada & NA Coffee",1083,15,
 Kathy Krenger,,Communications,https://www.linkedin.com/in/kathykrenger/overlay/photo/,Communications Office,"Ceo,tag1, tag2",FALSE,SVP & Global Chief Communications,16,0,
 Alex Abraham,,Communications,https://www.linkedin.com/in/alex-abraham-828b762/overlay/photo/,Communications Office,"Ceo,tag1, tag2",FALSE,"VP, Global Corporate Brand Communications",1084,16,
 Blair Aires,,Communications,https://www.linkedin.com/in/blairaires/overlay/photo/,Communications Office,"Ceo,tag1, tag2",FALSE,Head of Global Internal Communications,1085,16,
 Laura (Contractor) Shulman,,Communications,,Communications Office,"Ceo,tag1, tag2",FALSE,Global Contigent Worker,1086,16,
 Robert Scott,,Horizontal,https://www.linkedin.com/in/robert-scott-94a90616/overlay/photo/,Horizontal Office,"Ceo,tag1, tag2",FALSE,President of Research & Development NA Zone,17,1,
 Orane Blake,,Horizontal,https://www.linkedin.com/in/orane-blake/overlay/photo/,Horizontal Office,"Ceo,tag1, tag2",FALSE,Head of R&D - PMO,1087,17,
 Carrie T Conway,,Horizontal,,Horizontal Office,"Ceo,tag1, tag2",FALSE,Head of R&D - Technical ,1088,17,
 Maria Dafnis,,Horizontal,https://www.linkedin.com/in/maria-dafnis-560ab4ba/overlay/photo/,Horizontal Office,"Ceo,tag1, tag2",FALSE,Executive Admin,1089,17,
 Lisa Dierbach,,Horizontal,https://www.linkedin.com/in/lisa-dierbach-a0b68840/overlay/photo/,Horizontal Office,"Ceo,tag1, tag2",FALSE,Head of R&D - Disruption,1090,17,
 Brian E LeVine,,Horizontal,,Horizontal Office,"Ceo,tag1, tag2",FALSE,Head of R&D - Canada & Coffee,1091,17,
 Guus Lueb,,Horizontal,https://www.linkedin.com/in/guus-lueb-617aa175/overlay/photo/,Horizontal Office,"Ceo,tag1, tag2",FALSE,"Director, Global Packaging Canada",1092,17,
 Judith G Moca,,Horizontal,,Horizontal Office,"Ceo,tag1, tag2",FALSE,Head of R&D - Next Gen Ing,1093,17,
 Derek J Romeo,,Horizontal,https://www.linkedin.com/in/derekromeo/overlay/photo/,Horizontal Office,"Ceo,tag1, tag2",FALSE,Head of R&D - FBD,1094,17,
 Gavin M Schmidt,,Horizontal,,Horizontal Office,"Ceo,tag1, tag2",FALSE,Head of R&D - Process & Pacific,1095,17,
 Erin Wahal,,Horizontal,https://www.linkedin.com/in/ewahal/overlay/photo/,Horizontal Office,"Ceo,tag1, tag2",FALSE,Head of R&D - TMA,1096,17,
 Dafne Hefner,,Horizontal,https://www.linkedin.com/in/dafne-g-64921922/overlay/photo/,Horizontal Office,"Ceo,tag1, tag2",FALSE,NA Chief Strategy and Transformation NA Zone,18,1,
 Greg  Avrakotos,,Horizontal,,Horizontal Office,"Ceo,tag1, tag2",FALSE,Global Contigent Worker,1097,18,
 Ayala de la Fuente ,,Horizontal,,Horizontal Office,"Ceo,tag1, tag2",FALSE,Global Contigent Worker,1098,18,
 Jordan  Bortolotti,,Horizontal,,Horizontal Office,"Ceo,tag1, tag2",FALSE,Global Contigent Worker,1099,18,
 Eric  Cadwell,,Horizontal,,Horizontal Office,"Ceo,tag1, tag2",FALSE,Global Contigent Worker,1100,18,
 Bernardo Carvalho,,Horizontal,https://www.linkedin.com/in/bernardo-carvalho-371b4035/overlay/photo/,Horizontal Office,"Ceo,tag1, tag2",FALSE,"Director, Investment Strategy",1101,18,
 Matthew Corona,,Horizontal,https://www.linkedin.com/in/matthewcorona/overlay/photo/,Horizontal Office,"Ceo,tag1, tag2",FALSE,Director of Strategy,1102,18,
 David  Flude,,Horizontal,,Horizontal Office,"Ceo,tag1, tag2",FALSE,Global Contigent Worker,1103,18,
 Jennifer Garner,,Horizontal,https://www.linkedin.com/in/garnerjennifer/overlay/photo/,Horizontal Office,"Ceo,tag1, tag2",FALSE,"Director, Culture & Capabilities",1104,18,
 Shery Hanser,,Horizontal,https://www.linkedin.com/in/shery-hanser-89a324b/overlay/photo/,Horizontal Office,"Ceo,tag1, tag2",FALSE,Head of Strategic Planning &,1105,18,
 Jason Huertas,,Horizontal,https://www.linkedin.com/in/jason-huertas-097b5022/overlay/photo/,Horizontal Office,"Ceo,tag1, tag2",FALSE,Lead Product Manager,1106,18,
 Taher R Hussain,,Horizontal,,Horizontal Office,"Ceo,tag1, tag2",FALSE,Head of Portfolio Management,1107,18,
 Manish Khatri,,Horizontal,https://www.linkedin.com/in/manishkkhatri/overlay/photo/,Horizontal Office,"Ceo,tag1, tag2",FALSE,"Chapter Lead, Agile",1108,18,
 Gary Kraversky,,Horizontal,https://www.linkedin.com/in/garykraversky/overlay/photo/,Horizontal Office,"Ceo,tag1, tag2",FALSE,"Director, Product - Digital Managment",1109,18,
 Andrew Lindsay,,Horizontal,https://www.linkedin.com/in/andrewjlindsay/overlay/photo/,Horizontal Office,"Ceo,tag1, tag2",FALSE,Head of Design,1110,18,
 Rob  Loughlin,,Horizontal,,Horizontal Office,"Ceo,tag1, tag2",FALSE,Global Contigent Worker,1111,18,
 Brad  Maltz,,Horizontal,,Horizontal Office,"Ceo,tag1, tag2",FALSE,Global Contigent Worker,1112,18,
 Ashley Mcclendon,,Horizontal,,Horizontal Office,"Ceo,tag1, tag2",FALSE,Executive Assistant,1113,18,
 Katie Nordness,,Horizontal,,Horizontal Office,"Ceo,tag1, tag2",FALSE,Director of Strategic Planning,1114,18,
 Brian Pivar,,Horizontal,https://www.linkedin.com/in/pivar/overlay/photo/,Horizontal Office,"Ceo,tag1, tag2",FALSE,"Chapter Lead, Data Science",1115,18,
 Nick  sanders,,Horizontal,,Horizontal Office,"Ceo,tag1, tag2",FALSE,Global Contigent Worker,1116,18,
,,,,,"Ceo,tag1, tag2",FALSE,,,,
Mitch Arends,,Supply Chain/Production,Mitch Arends | LinkedIn,Supply Chain & Production Office,"Ceo,tag1, tag2",FALSE,Executive Vice President The Kraft Heinz Company,22,1,
Joao Alves Da Silva,,Supply Chain/Production,João Marcelo Alves da Silva | LinkedIn,Supply Chain & Production Office,"Ceo,tag1, tag2",FALSE,Manufacturing Transformation Director,1117,22,
Thiago D Bastos,,Supply Chain/Production,Thiago Dedavid Bastos | LinkedIn,Supply Chain & Production Office,"Ceo,tag1, tag2",FALSE,"Head of Operations - Fresh, Beverages & Desserts - The Kraft Heinz Company",1118,22,
Andrew Dobbin,,Supply Chain/Production,Andrew Dobbin | LinkedIn,Supply Chain & Production Office,"Ceo,tag1, tag2",FALSE,Head of Supply Chain Development and External Manufacturing,1119,22,
Bill Durbin,,Supply Chain/Production,Bill Durbin | LinkedIn,Supply Chain & Production Office,"Ceo,tag1, tag2",FALSE,"Vice President Logistics, Kraft Heinz",23,22,
Greg Frick,,Supply Chain/Production,(8) Greg Frick | LinkedIn,Supply Chain & Production Office,"Ceo,tag1, tag2",FALSE,Plant Manager at The Kraft Heinz Company,1120,22,
Scott V Frick,,Supply Chain/Production,(8) Scott Frick | LinkedIn,Supply Chain & Production Office,"Ceo,tag1, tag2",FALSE,Plant Manager,1121,22,
Sean McIntyre,,Supply Chain/Production,(8) Sean McIntyre | LinkedIn,Supply Chain & Production Office,"Ceo,tag1, tag2",FALSE,Head of S&OP and Customer Excellence (Supply Chain),1122,22,
Erin Mitchell,,Supply Chain/Production,(8) Erin Mitchell | LinkedIn,Supply Chain & Production Office,"Ceo,tag1, tag2",FALSE,"Vice President, Logistics - Head of Network Projects The Kraft Heinz Company",1123,22,
Mark Sauve,,Supply Chain/Production,(8) Mark Sauve | LinkedIn,Supply Chain & Production Office,"Ceo,tag1, tag2",FALSE,Director of Logistics at the Kraft Heinz Company,1124,22,
Todd S Sherman,,Supply Chain/Production,(8) Todd Sherman | LinkedIn,Supply Chain & Production Office,"Ceo,tag1, tag2",FALSE,Director Of Manufacturing The Kraft Heinz Company,1125,22,
Brian Shuttleworth,,Supply Chain/Production,(8) Shuttleworth Brian | LinkedIn,Supply Chain & Production Office,"Ceo,tag1, tag2",FALSE,Head of Operational Risk Management and Sustainability at KraftHeinz Company.,1126,22,
Courtney Tempich,,Supply Chain/Production,(8) Courtney Tempich | LinkedIn,Supply Chain & Production Office,"Ceo,tag1, tag2",FALSE,"Executive Administrator, Head of Americas The Kraft Heinz Company",1127,22,
,,,,,"Ceo,tag1, tag2",FALSE,,,22,
Bill Durbin,,Supply Chain/Production,(8) Bill Durbin | LinkedIn,Supply Chain & Production Office,"Ceo,tag1, tag2",FALSE,"Vice President Logistics, Kraft Heinz",23,22,
Vishwanatha Acharya,,Supply Chain/Production,?,Supply Chain & Production Office,"Ceo,tag1, tag2",FALSE,?,1128,23,
Leonardo Barradas,,Supply Chain/Production,(8) Leonardo Barradas | LinkedIn,Supply Chain & Production Office,"Ceo,tag1, tag2",FALSE,"Head of Logistics, US - Standardization â–º Global Vision â–º Continuous Improvement The Kraft Heinz Company",1129,23,
Ann Benzon,,Supply Chain/Production,(8) Ann Calcagni Benzon | LinkedIn,Supply Chain & Production Office,"Ceo,tag1, tag2",FALSE,Head of Zone Technical Logistics The Kraft Heinz Company,1130,23,
Alex Epstein,,Supply Chain/Production,(8) Alex Epstein | LinkedIn,Supply Chain & Production Office,"Ceo,tag1, tag2",FALSE,Head of Sales & Operations Planning The Kraft Heinz Company,1131,23,
Diego Fonseca,,Supply Chain/Production,(8) Diego Fonseca | LinkedIn,Supply Chain & Production Office,"Ceo,tag1, tag2",FALSE,Head of Digital Supply Chain Transformation The Kraft Heinz Company,1132,23,
Leah Gardner,,Supply Chain/Production,(8) Leah Gardner | LinkedIn,Supply Chain & Production Office,"Ceo,tag1, tag2",FALSE,Vice President /Head US Customer Excellence- -Supply Chain The Kraft Heinz Company,1133,23,
Viral Parekh,,Supply Chain/Production,(8) Viral Parekh | LinkedIn,Supply Chain & Production Office,"Ceo,tag1, tag2",FALSE,"Head Of Logistics Operations, North America The Kraft Heinz Company",1134,23,
Mukund Varadaraj,,Supply Chain/Production,?,Supply Chain & Production Office,"Ceo,tag1, tag2",FALSE,?,1135,23,
Kevin M Wille,,Supply Chain/Production,(8) Kevin Wille | LinkedIn,Supply Chain & Production Office,"Ceo,tag1, tag2",FALSE,Head of US Transportation The Kraft Heinz Company,1136,23,
Megan M Wright,,Supply Chain/Production,(8) Megan Wright | LinkedIn,Supply Chain & Production Office,"Ceo,tag1, tag2",FALSE,Executive Administrative Coordinator NA Operations,1137,23,
,,,,,"Ceo,tag1, tag2",FALSE,,,,
Andre Maciel,,Supply Chain/Production,(8) Andre Maciel | LinkedIn,Supply Chain & Production Office,"Ceo,tag1, tag2",FALSE,Executive Vice President and Global Chief Financial Officer The Kraft Heinz Company,6,1,
Pedro Albuquerque,,Supply Chain/Production,(8) Pedro Albuquerque | LinkedIn,Supply Chain & Production Office,"Ceo,tag1, tag2",FALSE,"Global VP, Budget and Business Performance The Kraft Heinz Company",1138,6,
Fernando Garcia Bueno,,Supply Chain/Production,(8) Fernando García Bueno | LinkedIn,Supply Chain & Production Office,"Ceo,tag1, tag2",FALSE,VP Internal Audit at The Kraft Heinz Company,1139,6,
Vince Garlati,,Supply Chain/Production,(8) Vince Garlati | LinkedIn,Supply Chain & Production Office,"Ceo,tag1, tag2",FALSE,VP/ Global Controller and Principal Accounting Officer The Kraft Heinz Company,1140,6,
Julianne Groetsch,,Supply Chain/Production,?,Supply Chain & Production Office,"Ceo,tag1, tag2",FALSE,?,1141,6,
Chris Jakubik,,Supply Chain/Production,"(8) Christopher Jakubik, CFA | LinkedIn",Supply Chain & Production Office,"Ceo,tag1, tag2",FALSE,Head of Global Investor Relations The Kraft Heinz Company,1142,6,
Fabio Kapitanovas (Kapi),,Supply Chain/Production,(8) Fabio Kapitanovas | LinkedIn,Supply Chain & Production Office,"Ceo,tag1, tag2",FALSE,?,1040,6,
Anne-Marie Megela,,Supply Chain/Production,"(8) Anne-Marie Megela CPA, MBA | LinkedIn",Supply Chain & Production Office,"Ceo,tag1, tag2",FALSE,"Vice President, Global Head of Investor Relations The Kraft Heinz Company",1143,6,
Office of the CFO,,Supply Chain/Production,-,Supply Chain & Production Office,"Ceo,tag1, tag2",FALSE,-,1144,6,
,,,,,"Ceo,tag1, tag2",FALSE,,,,
Corrado Azzarita,,Supply Chain/Production,(8) Corrado Azzarita | LinkedIn,Supply Chain & Production Office,"Ceo,tag1, tag2",FALSE,Global CIO The Kraft Heinz Company,24,6,
Pat Drouillard,,Supply Chain/Production,(8) Pat Drouillard | LinkedIn,Supply Chain & Production Office,"Ceo,tag1, tag2",FALSE,Sr. Coordinator at Kraft Foods,1145,24,
Mike Halfman,,Supply Chain/Production,?,Supply Chain & Production Office,"Ceo,tag1, tag2",FALSE,?,1146,24,
Mary Hibbard Ramirez,,Supply Chain/Production,"(8) Mary Hibbard Ramirez, MBA, PMP | LinkedIn",Supply Chain & Production Office,"Ceo,tag1, tag2",FALSE,Executive Director IT - HR and Corporate Functions The Kraft Heinz Company,1147,24,
Amanda Jones,,Supply Chain/Production,(8) Amanda Jones | LinkedIn,Supply Chain & Production Office,"Ceo,tag1, tag2",FALSE,Head of Global IT PPM at The Kraft Heinz Company,1148,24,
Ricardo Lafosse,,Supply Chain/Production,(8) Ricardo Lafosse | LinkedIn,Supply Chain & Production Office,"Ceo,tag1, tag2",FALSE,Chief Information Security Officer The Kraft Heinz Company,1149,24,
Joe McNamara,,Supply Chain/Production,(8) Joe McNamara | LinkedIn,Supply Chain & Production Office,"Ceo,tag1, tag2",FALSE,"Head of IT Finance, M&A, and Master Data The Kraft Heinz Company",1150,24,
Steve Mintert,,Supply Chain/Production,(8) Steven Mintert | LinkedIn,Supply Chain & Production Office,"Ceo,tag1, tag2",FALSE,Head of Application Development and Operations The Kraft Heinz Company,1151,24,
Cindy O'Toole,,Supply Chain/Production,(8) Cindy OToole | LinkedIn,Supply Chain & Production Office,"Ceo,tag1, tag2",FALSE,IT Director The Kraft Heinz Company,1152,24,
Fabi Pierre Silva,,Supply Chain/Production,(8) Fabiana Pierre Silva | LinkedIn,Supply Chain & Production Office,"Ceo,tag1, tag2",FALSE,International CIO at The Kraft Heinz Company,1153,24,
,,,,,"Ceo,tag1, tag2",FALSE,,,24,
Jeff O'Gradney,,Supply Chain/Production,(8) Jeffrey O'Gradney | LinkedIn,Supply Chain & Production Office,"Ceo,tag1, tag2",FALSE,"VP, Head of Supply Chain IT The Kraft Heinz Company",25,24,
Evan Alonso,,Supply Chain/Production,?,Supply Chain & Production Office,"Ceo,tag1, tag2",FALSE,?,1154,25,
Jason Ferry,,Supply Chain/Production,(8) Jason Ferry | LinkedIn,Supply Chain & Production Office,"Ceo,tag1, tag2",FALSE,Associate Director Global IT Logistics The Kraft Heinz Company,1155,25,
Martin T Healy,,Supply Chain/Production,(8) Martin Healy | LinkedIn,Supply Chain & Production Office,"Ceo,tag1, tag2",FALSE,"Group Lead, IT - OTC, Global at The Kraft Heinz Company",1156,25,
Rachael Ibey,,Supply Chain/Production,"(8) Rachael Ibey, MBA | LinkedIn",Supply Chain & Production Office,"Ceo,tag1, tag2",FALSE,"Senior Strategy, Planning & Operations Leader",1157,25,
Rebecca Lee,,Supply Chain/Production,(8) Rebecca Lee | LinkedIn,Supply Chain & Production Office,"Ceo,tag1, tag2",FALSE,Associate Director IT Procurement at The Kraft Heinz Company,1158,25,
Angela Morris,,Supply Chain/Production,(8) Angela Morris | LinkedIn,Supply Chain & Production Office,"Ceo,tag1, tag2",FALSE,Global IT Director - Digital Manufacturing & STS The Kraft Heinz Company,1159,25,
Matt Rabideau,,Supply Chain/Production,(8) Matt Rabideau | LinkedIn,Supply Chain & Production Office,"Ceo,tag1, tag2",FALSE,Associate Director Supply Chain Planning & Control Tower Kraft Heinz,1160,25,
Christopher Yope,,Supply Chain/Production,(8) Christopher Yope | LinkedIn,Supply Chain & Production Office,"Ceo,tag1, tag2",FALSE,?,1161,25,
,,,,,"Ceo,tag1, tag2",FALSE,,,,
,,,,,"Ceo,tag1, tag2",FALSE,,,,
,,,,,"Ceo,tag1, tag2",FALSE,,,,
,,,,,"Ceo,tag1, tag2",FALSE,,,,
Eric Nelson,,Supply Chain/Production,(8) Eric Nelson | LinkedIn,Supply Chain & Production Office,"Ceo,tag1, tag2",FALSE,CIO North America The Kraft Heinz Company,26,24,
Jorge J Balestra,,Supply Chain/Production,(8) Jorge J Balestra | LinkedIn,Supply Chain & Production Office,"Ceo,tag1, tag2",FALSE,Global Head Machine Learning Operations (MLOps) and Platforms The Kraft Heinz Company,1162,26,
Andy Burke,,Supply Chain/Production,(8) Andy Burke | LinkedIn,Supply Chain & Production Office,"Ceo,tag1, tag2",FALSE,Head of NA Growth and R&D IT  The Kraft Heinz Company ,1163,26,
Bryan Chavez,,Supply Chain/Production,(8) Bryan Chavez | LinkedIn,Supply Chain & Production Office,"Ceo,tag1, tag2",FALSE,Head of Data Engineering The Kraft Heinz Company,1164,26,
Keri Steele,,Supply Chain/Production,(8) Keri Steele | LinkedIn,Supply Chain & Production Office,"Ceo,tag1, tag2",FALSE,"Director IT, Sales The Kraft Heinz Company",1165,26,
,,,,,"Ceo,tag1, tag2",FALSE,,,,
Tim Regan,,Supply Chain/Production,(9) Timothy J. Regan II | LinkedIn,Supply Chain & Production Office,"Ceo,tag1, tag2",FALSE,CIO North America The Kraft Heinz Company,27,24,
Ashish Agrawal,,Supply Chain/Production,(9) Ashish Agrawal | LinkedIn,Supply Chain & Production Office,"Ceo,tag1, tag2",FALSE,Head of Cloud Engineering The Kraft Heinz Company,1166,27,
Sussan Amini,,Supply Chain/Production,(9) Sussan Amini | LinkedIn,Supply Chain & Production Office,"Ceo,tag1, tag2",FALSE,Global ESG for Technology,1167,27,
Fernando Arellano,,Supply Chain/Production,(9) Fernando Arellano | LinkedIn,Supply Chain & Production Office,"Ceo,tag1, tag2",FALSE,"IT Operations Manager Spain, France and Italy in The Kraft Heinz Company",1168,27,
Shuranga H Bhat,,Supply Chain/Production,?,Supply Chain & Production Office,"Ceo,tag1, tag2",FALSE,?,1169,27,
Raj Chunduru,,Supply Chain/Production,?,Supply Chain & Production Office,"Ceo,tag1, tag2",FALSE,?,1170,27,
Laurent De Haas,,Supply Chain/Production,(9) Laurent de Haas | LinkedIn,Supply Chain & Production Office,"Ceo,tag1, tag2",FALSE,Head International IT Operations at The Kraft Heinz Company,1171,27,
Danilo A Ganhito,,Supply Chain/Production,(9) Danilo Ganhito | LinkedIn,Supply Chain & Production Office,"Ceo,tag1, tag2",FALSE,Service Delivery Manager,1172,27,
Dennis Grzesiak,,Supply Chain/Production,(9) Dennis Grzesiak | LinkedIn,Supply Chain & Production Office,"Ceo,tag1, tag2",FALSE,Associate Director IT Network at The Kraft Heinz Company,1173,27,
Michelle Jost,,Supply Chain/Production,(9) Michelle Jost | LinkedIn,Supply Chain & Production Office,"Ceo,tag1, tag2",FALSE,Program Manager at The Kraft Heinz Company,1174,27,
Ann Kwasniewski,,Supply Chain/Production,(9) Ann E Kwasniewski | LinkedIn,Supply Chain & Production Office,"Ceo,tag1, tag2",FALSE,IT Hosting Manager at KraftHeinz Company,1175,27,
Larry Lenger,,Supply Chain/Production,?,Supply Chain & Production Office,"Ceo,tag1, tag2",FALSE,?,1176,27,
Rick Reyes,,Supply Chain/Production,(9) Rick Reyes | LinkedIn,Supply Chain & Production Office,"Ceo,tag1, tag2",FALSE,IS Security Manager at Kraft Foods,1177,27,
Roman Rodionov,,Supply Chain/Production,(9) Roman Rodionov | LinkedIn,Supply Chain & Production Office,"Ceo,tag1, tag2",FALSE,IT Operations Manager at The Kraft Heinz Company,1178,27,
Chris Troy,,Supply Chain/Production,(9) Chris Troy | LinkedIn,Supply Chain & Production Office,"Ceo,tag1, tag2",FALSE,Head of Cloud and Hosting Operations,1179,27,
Leslie van Veggel,,Supply Chain/Production,(9) Leslie van Veggel | LinkedIn,Supply Chain & Production Office,"Ceo,tag1, tag2",FALSE,IT Operations Manager - Zone Europe at The Kraft Heinz Company,1180,27,
,,Supply Chain/Production,,Supply Chain & Production Office,"Ceo,tag1, tag2",FALSE,,,,
Rafael Oliviera,,Supply Chain/Production,(9) Rafael Oliveira | LinkedIn,Supply Chain & Production Office,"Ceo,tag1, tag2",FALSE,President International,28,0,
Reuben Ayley,,Supply Chain/Production,(9) Reuben Ayley | LinkedIn,Supply Chain & Production Office,"Ceo,tag1, tag2",FALSE,"Head of Food Service Finance, International (EMEA, APAC, LATAM) at The Kraft Heinz Company",1181,28,
Raphael Branchini,,Supply Chain/Production,https://www.linkedin.com/in/raphael-branchini-0052aa/,Supply Chain & Production Office,"Ceo,tag1, tag2",FALSE,"GTM & Retail Director International Zone (EUROPE, MEA, APAC & LATAM) at The Kraft Heinz Company",1182,28,
Willem Brandt,,Supply Chain/Production,(9) Willem Brandt | LinkedIn,Supply Chain & Production Office,"Ceo,tag1, tag2",FALSE,President Continental Europe,1183,28,
Rodolfo M Camacho,,Supply Chain/Production,(9) Rodolfo Camacho | LinkedIn,Supply Chain & Production Office,"Ceo,tag1, tag2",FALSE,Chief People Officer - International Zone at The Kraft Heinz Company,1184,28,
Julien Favre,,Supply Chain/Production,(9) Julien Favre | LinkedIn,Supply Chain & Production Office,"Ceo,tag1, tag2",FALSE,"Russia, MEA, Poland & CE Managing Director at The Kraft Heinz Company",1185,28,
Fred Freire,,Supply Chain/Production,?,Supply Chain & Production Office,"Ceo,tag1, tag2",FALSE,?,1186,28,
Tom Hadwen,,Supply Chain/Production,(9) Tom Hadwen | LinkedIn,Supply Chain & Production Office,"Ceo,tag1, tag2",FALSE,Head of Sales Food Service International at The Kraft Heinz Company,1187,28,
Bruno Keller,,Supply Chain/Production,(9) Bruno Keller | LinkedIn,Supply Chain & Production Office,"Ceo,tag1, tag2",FALSE,President - Latin America at Kraft Heinz Company,1188,28,
Cristina Kenz,,Supply Chain/Production,(9) Cristina Kenz | LinkedIn,Supply Chain & Production Office,"Ceo,tag1, tag2",FALSE,Chief Growth Officer at The Kraft Heinz - International | BCorp Impact Circle Board Member,1189,28,
Simon Laroche,,Supply Chain/Production,(9) Simon Laroche | LinkedIn,Supply Chain & Production Office,"Ceo,tag1, tag2",FALSE,"President, Australia - New Zealand - Japan - South Korea at The Kraft Heinz Company",1190,28,
Jojo Lins De Noronha,,Supply Chain/Production,?,Supply Chain & Production Office,"Ceo,tag1, tag2",FALSE,?,1191,28,
Tony Navin,,Supply Chain/Production,(9) Tony Navin | LinkedIn,Supply Chain & Production Office,"Ceo,tag1, tag2",FALSE,"Head of eCommerce, International (EMEA, APAC & LATAM)",1192,28,
Walter Paganucci,,Supply Chain/Production,(9) Walter Paganucci | LinkedIn,Supply Chain & Production Office,"Ceo,tag1, tag2",FALSE,CFO International at The Kraft Heinz Company,1193,28,
Pradels Jacques,,Supply Chain/Production,(9) Pradels Jacques | LinkedIn,Supply Chain & Production Office,"Ceo,tag1, tag2",FALSE,President East,1194,28,
,,,,,"Ceo,tag1, tag2",FALSE,,,,
,,,,,"Ceo,tag1, tag2",FALSE,,,,
,,,,,"Ceo,tag1, tag2",FALSE,,,,
Inaki Balduz,,Supply Chain/Production,https://www.linkedin.com/in/i%C3%B1aki-balduz-3bb0592/,Supply Chain & Production Office,"Ceo,tag1, tag2",FALSE,Head of Operations International at The Kraft Heinz Company,29,28,
Anna Burgess,,Supply Chain/Production,(9) Anna Burgess | LinkedIn,Supply Chain & Production Office,"Ceo,tag1, tag2",FALSE,Director People & Performance Operations International,1195,29,
Lars Hölkemann,,Supply Chain/Production,(9) Lars Hölkemann | LinkedIn,Supply Chain & Production Office,"Ceo,tag1, tag2",FALSE,"Head of CoE Manufacturing International, The Kraft Heinz Company",1196,29,
Saji Jacob,,Supply Chain/Production,(9) Saji Jacob | LinkedIn,Supply Chain & Production Office,"Ceo,tag1, tag2",FALSE,"Head of Supply Chain, West Europe",1197,29,
,,,,,"Ceo,tag1, tag2",FALSE,,,,
Wouter Samama,,Supply Chain/Production,(9) Wouter Samama | LinkedIn,Supply Chain & Production Office,"Ceo,tag1, tag2",FALSE,Head of Logistics and Exports International | VP at The Kraft Heinz Company,30,29,
Chethan Dandur,,Supply Chain/Production,?,Supply Chain & Production Office,"Ceo,tag1, tag2",FALSE,?,1198,30,
Morne Fouche,,Supply Chain/Production,(9) Morne Fouche | LinkedIn,Supply Chain & Production Office,"Ceo,tag1, tag2",FALSE,Head of Logistics Excellence International at The Kraft Heinz Company,1199,30,
Varun Kumar Gupta,,Supply Chain/Production,?,Supply Chain & Production Office,"Ceo,tag1, tag2",FALSE,?,1200,30,
Vanessa Hitomi,,Supply Chain/Production,(9) Vanessa Hitomi | LinkedIn,Supply Chain & Production Office,"Ceo,tag1, tag2",FALSE,Head of Network Design & Supply Chain Development at The Kraft Heinz Company,1201,30,
Marcelo Iuki,,Supply Chain/Production,(9) Marcelo Iuki Hirooka | LinkedIn,Supply Chain & Production Office,"Ceo,tag1, tag2",FALSE,Head of Customer Excellence na The Kraft Heinz Company,1202,30,
Sarthi Mitra,,Supply Chain/Production,?,Supply Chain & Production Office,"Ceo,tag1, tag2",FALSE,?,1203,30,
Mateus Soares,,Supply Chain/Production,(9) Mateus Soares | LinkedIn,Supply Chain & Production Office,"Ceo,tag1, tag2",FALSE,"Head of Transportation, Warehouse & Exports International The Kraft Heinz Company",1204,30,
,,Supply Chain/Production,,Supply Chain & Production Office,"Ceo,tag1, tag2",FALSE,,,,
Flavio Torres,,Supply Chain/Production,(9) Flavio Torres | LinkedIn,Supply Chain & Production Office,"Ceo,tag1, tag2",FALSE,Head of Global Operations The Kraft Heinz Company,31,0,
Paulo Pellon,,Supply Chain/Production,(9) Paulo de Tarso P. | LinkedIn,Supply Chain & Production Office,"Ceo,tag1, tag2",FALSE,Supply Chain Operations Transformation,1205,31,
Anna Petrova,,Supply Chain/Production,(9) Anna Petrova | LinkedIn,Supply Chain & Production Office,"Ceo,tag1, tag2",FALSE,Vice President Supply Chain at The Kraft Heinz Company,1206,31,
Pawel Rudzinski,,Supply Chain/Production,(9) Rudzinski Pawel | LinkedIn,Supply Chain & Production Office,"Ceo,tag1, tag2",FALSE,Global Chief Quality Officer The Kraft Heinz Company,1207,31,
,,,,,"Ceo,tag1, tag2",FALSE,,,,
Gustavo Gotelip,,Supply Chain/Production,(9) Gustavo Gotelip | LinkedIn,Supply Chain & Production Office,"Ceo,tag1, tag2",FALSE,Manufacturing VP - North America Zone,32,31,
Evandro Abreu de Souza,,Supply Chain/Production,(9) Evandro Abreu de Souza | LinkedIn,Supply Chain & Production Office,"Ceo,tag1, tag2",FALSE,Head of Global Manufacturing Sustainability na The Kraft Heinz Company,1208,32,
Mariana Arao,,Supply Chain/Production,"(9) Mariana Arão, MSc., MBA, NEBOSH | LinkedIn",Supply Chain & Production Office,"Ceo,tag1, tag2",FALSE,EHS Senior Leader Driving Cultural Change,1209,32,
Brett G Bowlby,,Supply Chain/Production,(9) Brett Bowlby | LinkedIn,Supply Chain & Production Office,"Ceo,tag1, tag2",FALSE,Head of Production Management The Kraft Heinz Company,1210,32,
Hideraldo Luiz Cabral de Carvalho Junior,,Supply Chain/Production,(9) Hideraldo Luiz Cabral de Carvalho Junior | LinkedIn,Supply Chain & Production Office,"Ceo,tag1, tag2",FALSE,Global Head of Production @ The Kraft Heinz Company | Global Industrial Director | Manufacturing | Operations,1211,32,
David R Edwards,,Supply Chain/Production,(9) David Edwards | LinkedIn,Supply Chain & Production Office,"Ceo,tag1, tag2",FALSE,(9) David Edwards | LinkedIn,1212,32,
Ayeda Figaro,,Supply Chain/Production,"(9) Ayeda Figaro, PMP, SSM | LinkedIn",Supply Chain & Production Office,"Ceo,tag1, tag2",FALSE,Head / Director of Digital Transformation PMO & Champion The Kraft Heinz Company,1213,32,
Steve Foster,,Supply Chain/Production,(9) Steve Foster | LinkedIn,Supply Chain & Production Office,"Ceo,tag1, tag2",FALSE,Director Of Manufacturing-Maintenance The Kraft Heinz Company,1214,32,
Oliver Ganschar,,Supply Chain/Production,(9) Oliver Ganschar | LinkedIn,Supply Chain & Production Office,"Ceo,tag1, tag2",FALSE,Head of Global Digital Manufacturing,1215,32,
Nicholas J Graham,,Supply Chain/Production,"(9) Nicholas Graham, MBA | LinkedIn",Supply Chain & Production Office,"Ceo,tag1, tag2",FALSE,"Director of Warehousing, West Regional Operations The Kraft Heinz Company",1216,32,
Ahmad Furqan Hala,,Supply Chain/Production,?,Supply Chain & Production Office,"Ceo,tag1, tag2",FALSE,?,1217,32,
Pavan Katte,,Supply Chain/Production,(9) Pavan Katte | LinkedIn,Supply Chain & Production Office,"Ceo,tag1, tag2",FALSE,Head of Global CAPEx Engineering,1218,32,
Mark E Malenke,,Supply Chain/Production,(9) Mark Malenke | LinkedIn,Supply Chain & Production Office,"Ceo,tag1, tag2",FALSE,Asset Development & Innovation at Kraft Foods,1219,32,
Eric W McIntire,,Supply Chain/Production,(9) Eric McIntire | LinkedIn,Supply Chain & Production Office,"Ceo,tag1, tag2",FALSE,"Director of Yield, US Operations The Kraft Heinz Company",1220,32,
Jim Peach,,Supply Chain/Production,(9) Jim Peach | LinkedIn,Supply Chain & Production Office,"Ceo,tag1, tag2",FALSE,Global Head of Technical Services & OT Security at The Kraft Heinz Company,1221,32,
Fedrico Prada Leon,,Supply Chain/Production,?,Supply Chain & Production Office,"Ceo,tag1, tag2",FALSE,?,1222,32,
Dennis R Ryan,,Supply Chain/Production,(9) Dennis Ryan | LinkedIn,Supply Chain & Production Office,"Ceo,tag1, tag2",FALSE,Head of Strategic Execution The Kraft Heinz Company,1223,32,
Ahmed El-Sawaf,,Supply Chain/Production,(9) Ahmed El-Sawaf | LinkedIn,Supply Chain & Production Office,"Ceo,tag1, tag2",FALSE,Industrial Engineering and Management student at The University of Twente,1224,32,
Leandro Serra,,Supply Chain/Production,(9) Leandro Serra | LinkedIn,Supply Chain & Production Office,"Ceo,tag1, tag2",FALSE,"Senior Director, North America Engineering The Kraft Heinz Company",1225,32,
Chad A Van Kley,,Supply Chain/Production,(9) Chad Van Kley | LinkedIn,Supply Chain & Production Office,"Ceo,tag1, tag2",FALSE,"Head of Integrated Supply Chain, Meat The Kraft Heinz Company",1226,32,
Metheus Elon Vieira,,Supply Chain/Production,?,Supply Chain & Production Office,"Ceo,tag1, tag2",FALSE,?,1227,32,
,,Supply Chain/Production,,Supply Chain & Production Office,"Ceo,tag1, tag2",FALSE,,,,
Rudzinski Pawel,,Supply Chain/Production,(9) Rudzinski Pawel | LinkedIn,Supply Chain & Production Office,"Ceo,tag1, tag2",FALSE,Global Chief Quality Officer The Kraft Heinz Company,33,31,
Drew Anderson,,Supply Chain/Production,(9) Drew Anderson | LinkedIn,Supply Chain & Production Office,"Ceo,tag1, tag2",FALSE,Head of Supply Chain Quality Management & External Manufacturing International at The Kraft Heinz Company,1228,33,
Holly A Anderson,,Supply Chain/Production,(9) Holly Anderson | LinkedIn,Supply Chain & Production Office,"Ceo,tag1, tag2",FALSE,Quality Director Meals & Desserts The Kraft Heinz Company,1229,33,
David Barker,,Supply Chain/Production,(9) David W. Baker | LinkedIn,Supply Chain & Production Office,"Ceo,tag1, tag2",FALSE,Sr. Brand Manager | Oscar Mayer at The Kraft Heinz Company,1230,33,
Elizabeth (Libby) A Bland,,Supply Chain/Production,(9) Libby Bland | LinkedIn,Supply Chain & Production Office,"Ceo,tag1, tag2",FALSE,Head of Global Export FSQ The Kraft Heinz Company,1231,33,
Frank Bombeeck,,Supply Chain/Production,(9) Frank Bombeeck | LinkedIn,Supply Chain & Production Office,"Ceo,tag1, tag2",FALSE,Director Food Safety & Quality Operations Europe ,1232,33,
Thomas Cioccio,,Supply Chain/Production,(9) Thomas Cioccio | LinkedIn,Supply Chain & Production Office,"Ceo,tag1, tag2",FALSE,Director of Quality External Manufacturing The Kraft Heinz Company,1233,33,
Carrie Cooke,,Supply Chain/Production,(9) Carrie Cooke | LinkedIn,Supply Chain & Production Office,"Ceo,tag1, tag2",FALSE,Global Lead - FSQ Data Integration & Analytics at The Kraft Heinz Company,1234,33,
Caroline Crompton,,Supply Chain/Production,(9) Caroline Crompton | LinkedIn,Supply Chain & Production Office,"Ceo,tag1, tag2",FALSE,Global Head - Food Safety and Quality Management Systems - Kraft Heinz Company,1235,33,
Cathy Harris,,Supply Chain/Production,(9) Cathy Harris | LinkedIn,Supply Chain & Production Office,"Ceo,tag1, tag2",FALSE,Global Supplier and Co-pack Food Safety and Quality Manager at Kraft Heinz,1236,33,
Angela J Rhodes,,Supply Chain/Production,?,Supply Chain & Production Office,"Ceo,tag1, tag2",FALSE,?,1237,33,
Kayren Taylor,,Supply Chain/Production,?,Supply Chain & Production Office,"Ceo,tag1, tag2",FALSE,?,1238,33,
,,,,,"Ceo,tag1, tag2",FALSE,,,,
Holly A Anderson,,Supply Chain/Production,(9) Holly Anderson | LinkedIn,Supply Chain & Production Office,"Ceo,tag1, tag2",FALSE,Quality Director Meals & Desserts The Kraft Heinz Company,34,33,
Tricia Billinska,,Supply Chain/Production,(9) Tricia Bilinska | LinkedIn,Supply Chain & Production Office,"Ceo,tag1, tag2",FALSE,Executive Coordinator,1239,34,
David M Jaeggi,,Supply Chain/Production,(9) David Jaeggi | LinkedIn,Supply Chain & Production Office,"Ceo,tag1, tag2",FALSE,Head of Quality - NA Operations The Kraft Heinz Company,1240,34,
Aparna Kothapalli,,Supply Chain/Production,(9) Aparna Kothapalli | LinkedIn,Supply Chain & Production Office,"Ceo,tag1, tag2",FALSE,"Head of Innovation- North America, Quality The Kraft Heinz Company",1241,34,
Karen A Krueger,,Supply Chain/Production,?,Supply Chain & Production Office,"Ceo,tag1, tag2",FALSE,?,1242,34,
David Rasmussen,,Supply Chain/Production,(9) David Rasmussen | LinkedIn,Supply Chain & Production Office,"Ceo,tag1, tag2",FALSE,Director of Quality - Head of Food Safety & Scientific and Regulatory Affairs (North America) The Kraft Heinz Company,1243,34,
Rory J Redemann,,Supply Chain/Production,https://www.linkedin.com/in/rory-redemann-0b696370/,Supply Chain & Production Office,"Ceo,tag1, tag2",FALSE,Associate Director Sanitation at KraftHeinz Company,1244,34,
Sales Inquiries,,Supply Chain/Production,?,Supply Chain & Production Office,"Ceo,tag1, tag2",FALSE,?,1245,34,
,,,,,"Ceo,tag1, tag2",FALSE,,,,
Cory Onell,,Distribution,LinkedIn,Distribution Office,"Ceo,tag1, tag2",FALSE,Chief Sales Officer (CSO) The Kraft Heinz Company,20,1,
Amy E Bosek,,Distribution,LinkedIn,Distribution Office,"Ceo,tag1, tag2",FALSE,Area Vice President The Kraft Heinz Company,1246,20,
Jerome Drolet,,Distribution,(7) Jerome Drolet | LinkedIn,Distribution Office,"Ceo,tag1, tag2",FALSE,Head of Sales Walmart/Samâ€™s Club Area and Head of NA E-Commerce The Kraft Heinz Company,1247,20,
Marie Hennessey ,,Distribution,(7) Marie Hennessey | LinkedIn,Distribution Office,"Ceo,tag1, tag2",FALSE,Area Vice President-Sales,1248,20,
Tiffany Menyhart,,Distribution,(7) Tiffany Menyhart | LinkedIn,Distribution Office,"Ceo,tag1, tag2",FALSE,"Head of Sales, Strategic Accounts & US Retail The Kraft Heinz Company",1249,20,
Betsy M Smith,,Distribution,(7) Betsy Smith | LinkedIn,Distribution Office,"Ceo,tag1, tag2",FALSE,Area Vice President - Sales The Kraft Heinz Company,1250,20,
Cristian Spuza,,Distribution,(7) Cristian Spuza | LinkedIn,Distribution Office,"Ceo,tag1, tag2",FALSE,Head of Customer Development Organization The Kraft Heinz Company,1251,20,
,,, ,,"Ceo,tag1, tag2",FALSE,,,,
Andrew Grasberger,,Distribution,(7) Andrew Grasberger | LinkedIn,Distribution Office,"Ceo,tag1, tag2",FALSE,"CFO, Sales  The Kraft Heinz Company ",21,6,
Luke Gronewold,,Distribution,(7) Luke Gronewold | LinkedIn,Distribution Office,"Ceo,tag1, tag2",FALSE,Area Director of Finance The Kraft Heinz Company,1252,21,
John R Moravec,,Distribution,"(7) John Moravec, MBA | LinkedIn",Distribution Office,"Ceo,tag1, tag2",FALSE,?,1253,21,
Matt Morini,,Distribution,(7) Matthew Morini | LinkedIn,Distribution Office,"Ceo,tag1, tag2",FALSE,?,1254,21,
Joshua C Sackett,,Distribution,(7) Joshua Sackett | LinkedIn,Distribution Office,"Ceo,tag1, tag2",FALSE,"Associate Director Finance, - US Sales FP&A & Reporting PPM The Kraft Heinz Company",1255,21,
Jesse N Smith,,Distribution,(7) Jesse Smith | LinkedIn,Distribution Office,"Ceo,tag1, tag2",FALSE,Director of Finance - National Accounts Sales The Kraft Heinz Company,1256,21,
Leonardo Tellez,,Distribution,?,Distribution Office,"Ceo,tag1, tag2",FALSE,?,1257,21,
Dave Weber,,Distribution,(7) Dave Weber | LinkedIn,Distribution Office,"Ceo,tag1, tag2",FALSE,Director of Finance - East Area sales The Kraft Heinz Company,1258,21,
